traitement,seuil,n_switchers,part_switchers,part_variation_conservee
Forêt,0,12254,1,1
Forêt,0.05992497938898619,10040,0.8193243022686469,0.997990307592673
Forêt,0.11984995877797237,8948,0.7302105434960013,0.9940979901929743
Forêt,0.17977493816695855,8194,0.6686796148196508,0.9895651685551817
Forêt,0.23969991755594475,7606,0.6206952831728415,0.9845601043418799
Forêt,0.29962489694493094,7117,0.5807899461400359,0.9792148741041742
Forêt,0.3595498763339171,6702,0.5469234535661824,0.9736488709455163
Forêt,0.41947485572290333,6394,0.521788803655949,0.96877129931758
Forêt,0.4793998351118895,6087,0.49673575975191775,0.9631557404826494
Forêt,0.5393248145008757,5816,0.47462053207116045,0.957532498271748
Forêt,0.5992497938898619,5565,0.4541374245144443,0.9517278952275254
Forêt,0.6591747732788481,5352,0.43675534519340625,0.9463009404920606
Forêt,0.7190997526678342,5161,0.42116859800881346,0.9409439829633782
Forêt,0.7790247320568204,4926,0.4019911865513302,0.9337683212012883
Forêt,0.8389497114458067,4766,0.38893422555900115,0.9284989684964745
Forêt,0.8988746908347928,4604,0.375714052554268,0.9227721158535798
Forêt,0.958799670223779,4460,0.36396278766117185,0.9173179788986323
Forêt,1.018724649612765,4330,0.35335400685490453,0.9120763542456667
Forêt,1.0786496290017513,4198,0.34258201403623306,0.9064243865928209
Forêt,1.1385746083907375,4064,0.3316468092051575,0.9003865385969835
Forêt,1.1984995877797238,3953,0.32258854251672925,0.8951070582235611
Forêt,1.25842456716871,3843,0.313611881834503,0.889616778911843
Forêt,1.3183495465576962,3724,0.3039007670964583,0.8833901907127946
Forêt,1.3782745259466822,3617,0.29516892443283826,0.8775145287657162
Forêt,1.4381995053356684,3520,0.2872531418312388,0.8719494606673833
Forêt,1.4981244847246546,3434,0.28023502529786193,0.8668328370152437
Forêt,1.5580494641136409,3347,0.273135302758283,0.8614174856636454
Forêt,1.617974443502627,3259,0.26595397421250205,0.8557250237926217
Forêt,1.6778994228916133,3160,0.2578749795984985,0.8490984907419586
Forêt,1.7378244022805993,3084,0.2516729231271422,0.8438192113579066
Forêt,1.7977493816695855,3030,0.2472661987922311,0.8399396305510484
Forêt,1.8576743610585718,2960,0.24155377835808717,0.834734572522642
Forêt,1.917599340447558,2872,0.23437244981230618,0.8279828096068732
Forêt,1.9775243198365442,2811,0.22939448343398075,0.8231575594510828
Forêt,2.03744929922553,2754,0.22474294108046353,0.818502526923631
Forêt,2.0973742786145166,2686,0.2191937326587237,0.8127853285452334
Forêt,2.1572992580035026,2628,0.21446058429900441,0.8077713490041739
Forêt,2.217224237392489,2565,0.20931940590827486,0.802166514893202
Forêt,2.277149216781475,2521,0.20572874163538438,0.7981405902529316
Forêt,2.337074196170461,2488,0.2030357434307165,0.7950425050562218
Forêt,2.3969991755594475,2443,0.19936347315162395,0.7907043451739778
Forêt,2.4569241549484335,2403,0.1960992329035417,0.786758056957022
Forêt,2.51684913433742,2358,0.19242696262444917,0.7822028582829134
Forêt,2.576774113726406,2316,0.18899951036396279,0.7778483132632993
Forêt,2.6366990931153924,2273,0.18549045209727436,0.7733008320361751
Forêt,2.6966240725043784,2229,0.18189978782438387,0.7685215698531398
Forêt,2.7565490518933644,2184,0.17822751754529134,0.7635346123727249
Forêt,2.816474031282351,2152,0.17561612534682552,0.7599119078596465
Forêt,2.876399010671337,2107,0.171943855067733,0.7546987897165816
Forêt,2.9363239900603233,2072,0.169087644850661,0.7505622398663319
Forêt,2.9962489694493093,2030,0.16566019259017464,0.745501937269696
Forêt,3.0561739488382957,1997,0.16296719438550678,0.7414403732375251
Forêt,3.1160989282272817,1950,0.1591317120940101,0.7355444614686557
Forêt,3.1760239076162677,1919,0.15660192590174637,0.7315723257542197
Forêt,3.235948887005254,1881,0.15350089766606823,0.7266191695966955
Forêt,3.29587386639424,1855,0.15137914150481477,0.7231614195239662
Forêt,3.3557988457832266,1822,0.1486861433001469,0.7186938381877237
Forêt,3.4157238251722126,1784,0.14558511506446875,0.7134591425286694
Forêt,3.4756488045611986,1751,0.14289211685980088,0.708838216427237
Forêt,3.535573783950185,1726,0.14085196670474948,0.7052719305123694
Forêt,3.595498763339171,1700,0.138730210543496,0.7014984099167689
Forêt,3.6554237427281575,1672,0.13644524236983843,0.6973656741538475
Forêt,3.7153487221171435,1652,0.13481312224579728,0.6943707784966099
Forêt,3.77527370150613,1630,0.13301779010935205,0.6910163986105841
Forêt,3.835198680895116,1604,0.13089603394809857,0.6869911684474583
Forêt,3.895123660284102,1572,0.12828464174963278,0.6819638076778181
Forêt,3.9550486396730884,1547,0.12624449159458137,0.6779737014869909
Forêt,4.014973619062075,1523,0.124285947445732,0.6740792453362008
Forêt,4.07489859845106,1503,0.12265382732169088,0.670787585936718
Forêt,4.134823577840047,1482,0.12094010119144769,0.6672772111203261
Forêt,4.194748557229033,1458,0.11898155704259833,0.6632086346744925
Forêt,4.254673536618019,1441,0.11759425493716337,0.6602872129532236
Forêt,4.314598516007005,1422,0.11604374081932431,0.6569723699410513
Forêt,4.374523495395992,1399,0.114166802676677,0.6529060226367881
Forêt,4.434448474784978,1374,0.1121266525216256,0.6484283722633765
Forêt,4.494373454173964,1360,0.1109841684347968,0.6458804854617894
Forêt,4.55429843356295,1338,0.10918883629835156,0.641826281417044
Forêt,4.614223412951937,1318,0.10755671617431042,0.638096417485112
Forêt,4.674148392340922,1297,0.10584299004406725,0.6341294723142391
Forêt,4.734073371729909,1282,0.10461889995103639,0.6312600721955182
Forêt,4.793998351118895,1261,0.10290517382079321,0.6271967519539671
Forêt,4.8539233305078815,1246,0.10168108372776237,0.6242539802594371
Forêt,4.913848309896867,1227,0.1001305696099233,0.6204781274276001
Forêt,4.9737732892858535,1213,0.0989880855230945,0.6176662554762228
Forêt,5.03369826867484,1194,0.09743757140525543,0.6138000896724403
Forêt,5.0936232480638255,1179,0.09621348131222458,0.6107092468940903
Forêt,5.153548227452812,1153,0.09409172515097111,0.6052921840440524
Forêt,5.213473206841798,1140,0.09303084707034438,0.6025540693516004
Forêt,5.273398186230785,1126,0.09188836298351559,0.5995647088835588
Forêt,5.33332316561977,1110,0.09058266688428268,0.596110483981998
Forêt,5.393248145008757,1101,0.08984821282846417,0.5941447898687368
Forêt,5.453173124397743,1086,0.08862412273543332,0.5908372490347378
Forêt,5.513098103786729,1075,0.08772645666721071,0.588383120819035
Forêt,5.573023083175715,1053,0.08593112453076547,0.5834265455526958
Forêt,5.632948062564702,1034,0.0843806104129264,0.579092304888699
Forêt,5.692873041953688,1024,0.08356455035090583,0.5767918230701827
Forêt,5.752798021342674,1018,0.08307491431369349,0.5753945845053904
Forêt,5.81272300073166,1002,0.08176921821446058,0.5716264062714653
Forêt,5.872647980120647,988,0.0806267341276318,0.5682966422449771
Forêt,5.932572959509632,976,0.07964746205320712,0.5654133336670474
Forêt,5.992497938898619,969,0.07907622000979272,0.5637146288639666
Forêt,6.052422918287605,956,0.07801534192916598,0.5605354662327287
Forêt,6.1123478976765915,946,0.07719928186714542,0.558063078663764
Forêt,6.172272877065577,937,0.07646482781132691,0.5558107195207341
Forêt,6.2321978564545635,930,0.07589358576791252,0.5540443469505104
Forêt,6.29212283584355,926,0.0755671617431043,0.5530265071799486
Forêt,6.3520478152325355,910,0.07426146564387139,0.5489086823130538
Forêt,6.411972794621522,901,0.07352701158805289,0.5465738380760763
Forêt,6.471897774010508,892,0.07279255753223438,0.5442133250306435
Forêt,6.531822753399494,880,0.0718132854578097,0.5410395319808671
Forêt,6.59174773278848,871,0.07107883140199119,0.5386403220220275
Forêt,6.651672712177467,860,0.07018116533376857,0.5356778287408072
Forêt,6.711597691566453,851,0.06944671127795006,0.5332310956154827
Forêt,6.771522670955439,840,0.06854904520972743,0.5302131466809719
Forêt,6.831447650344425,826,0.06740656112289864,0.5263394756605
Forêt,6.891372629733412,818,0.06675371307328219,0.5241029585569505
Forêt,6.951297609122397,807,0.06585604700505958,0.5210047176421438
Forêt,7.011222588511384,802,0.06544801697404928,0.5195850659233389
Forêt,7.07114756790037,794,0.06479516892443284,0.5172925763362753
Forêt,7.131072547289357,779,0.06357107883140199,0.5129633877107836
Forêt,7.190997526678342,766,0.06251020075077526,0.5091768720744012
Forêt,7.250922506067329,761,0.062102170719764975,0.5077078872411178
Forêt,7.310847485456315,758,0.0618573527011588,0.5068189598647119
Forêt,7.370772464845301,752,0.06136771666394646,0.5050269958169906
Forêt,7.430697444234287,741,0.06047005059572384,0.5017141391931513
Forêt,7.4906224236232735,727,0.059327566508895056,0.4974633103796903
Forêt,7.55054740301226,718,0.058593112453076544,0.49470832329431685
Forêt,7.6104723824012455,713,0.05818508242206626,0.4931655101352038
Forêt,7.670397361790232,706,0.057613840378651866,0.49099305612479
Forêt,7.730322341179218,700,0.05712420434143953,0.4891151741561003
Forêt,7.790247320568204,694,0.05663456830422719,0.48722548565452856
Forêt,7.85017229995719,687,0.0560633262608128,0.48499825607185026
Forêt,7.910097279346177,678,0.05532887220499429,0.48211318442435963
Forêt,7.970022258735163,673,0.054920842173984005,0.4805009349196649
Forêt,8.02994723812415,668,0.054512812142973724,0.4788703458871303
Forêt,8.089872217513134,656,0.053533540068549046,0.4749390697104895
Forêt,8.14979719690212,654,0.05337032805614493,0.47427687442620514
Forêt,8.209722176291107,652,0.05320711604374082,0.4736102494443154
Forêt,8.269647155680094,645,0.052635874000326426,0.4712622287369172
Forêt,8.32957213506908,638,0.05206463195691203,0.4688962444452201
Forêt,8.389497114458067,631,0.05149338991349763,0.4665165179740368
Forêt,8.449422093847053,624,0.050922147870083236,0.464117301455884
Forêt,8.509347073236038,614,0.05010608780806267,0.46066357048719614
Forêt,8.569272052625024,610,0.04977966378325445,0.45927350664708505
Forêt,8.62919703201401,607,0.049534845764648276,0.45822514675384035
Forêt,8.689122011402997,598,0.04880039170882977,0.45505793995641947
Forêt,8.749046990791983,587,0.04790272564060715,0.451152482497341
Forêt,8.80897197018097,579,0.047249877590990697,0.44829228480658967
Forêt,8.868896949569956,576,0.04700505957238453,0.4472152219257476
Forêt,8.928821928958941,576,0.04700505957238453,0.4472152219257476
Forêt,8.988746908347927,570,0.04651542353517219,0.4450284898924742
Forêt,9.048671887736914,562,0.04586257548555574,0.4420935094672943
Forêt,9.1085968671259,558,0.045536151460747513,0.44061633801934347
Forêt,9.168521846514887,554,0.04520972743593928,0.4391295879016109
Forêt,9.228446825903873,549,0.044801697404929,0.4372586108700698
Forêt,9.28837180529286,547,0.04463848539252489,0.43650625758612327
Forêt,9.348296784681844,542,0.044230455361514605,0.4346112278079729
Forêt,9.40822176407083,538,0.04390403133670638,0.4330830480076359
Forêt,9.468146743459817,535,0.043659213318100215,0.4319285927184432
Forêt,9.528071722848804,530,0.04325118328708993,0.42999489340008606
Forêt,9.58799670223779,526,0.0429247592622817,0.42843743942568974
Forêt,9.647921681626777,523,0.04267994124367554,0.42726232482486703
Forêt,9.707846661015763,516,0.04210869920026114,0.4245033343114113
Forêt,9.767771640404748,512,0.04178227517545292,0.42291888266814925
Forêt,9.827696619793734,508,0.041455851150644686,0.4213239319056345
Forêt,9.88762159918272,503,0.041047821119634405,0.4193193967593213
Forêt,9.947546578571707,500,0.04080300310102824,0.4181086948132267
Forêt,10.007471557960693,497,0.040558185082422066,0.4168899327133475
Forêt,10.06739653734968,493,0.04023176105761384,0.4152582147420484
Forêt,10.127321516738666,492,0.040150155051411784,0.414847019937374
Forêt,10.187246496127651,489,0.03990533703280561,0.41360805985014754
Forêt,10.247171475516637,483,0.03941570099559327,0.41111292286006235
Forêt,10.307096454905624,479,0.03908927697078505,0.4094423191177067
Forêt,10.36702143429461,477,0.03892606495838093,0.40860002094638054
Forêt,10.426946413683597,475,0.038762852945976825,0.4077549398941706
Forêt,10.486871393072583,469,0.038273216908764486,0.4052023305083261
Forêt,10.54679637246157,464,0.037865186877754205,0.4030621175457126
Forêt,10.606721351850554,460,0.037538762852945974,0.40133973349770224
Forêt,10.66664633123954,455,0.03713073282193569,0.39917633073213443
Forêt,10.726571310628527,454,0.037049126815733635,0.3987420316252729
Forêt,10.786496290017514,448,0.036559490778521296,0.39611360845174454
Forêt,10.8464212694065,445,0.03631467275991513,0.3947927748884146
Forêt,10.906346248795487,440,0.03590664272890485,0.3925816501398085
Forêt,10.966271228184473,436,0.03558021870409662,0.3908003550513809
Forêt,11.026196207573458,435,0.03549861269789457,0.39035386353073187
Forêt,11.086121186962444,434,0.03541700669169251,0.3899029784979474
Forêt,11.14604616635143,434,0.03541700669169251,0.3899029784979474
Forêt,11.205971145740417,426,0.034764158642076055,0.3862672418231832
Forêt,11.265896125129403,419,0.03419291659866166,0.3830688631854066
Forêt,11.32582110451839,414,0.03378488656765138,0.3807724711709775
Forêt,11.385746083907376,412,0.03362167455524727,0.37984972498843655
Forêt,11.445671063296361,410,0.033458462542843154,0.37892158658284403
Forêt,11.505596042685347,410,0.033458462542843154,0.37892158658284403
Forêt,11.565521022074334,408,0.03329525053043904,0.3779824418268293
Forêt,11.62544600146332,406,0.03313203851803493,0.3770378311327214
Forêt,11.685370980852307,404,0.032968826505630815,0.3760893788267518
Forêt,11.745295960241293,402,0.0328056144932267,0.3751357564791204
Forêt,11.80522093963028,398,0.032479190468418476,0.37321952352037113
Forêt,11.865145919019264,396,0.03231597845601436,0.372255569929454
Forêt,11.92507089840825,393,0.032071160437408194,0.37080113192486813
Forêt,11.984995877797237,393,0.032071160437408194,0.37080113192486813
Forêt,12.044920857186224,388,0.03166313040639791,0.36835854626116543
Forêt,12.10484583657521,385,0.03141831238779174,0.3668870339576043
Forêt,12.164770815964197,384,0.03133670638158968,0.3663941928536362
Forêt,12.224695795353183,380,0.03101028235678146,0.3644092494791643
Forêt,12.284620774742168,378,0.030847070344377347,0.3634105241388338
Forêt,12.344545754131154,376,0.03068385833197323,0.36240677029012425
Forêt,12.40447073352014,373,0.030439040313367065,0.3608945586189724
Forêt,12.464395712909127,372,0.030357434307165008,0.3603880769506757
Forêt,12.524320692298113,370,0.030194222294760896,0.3593717678728977
Forêt,12.5842456716871,368,0.03003101028235678,0.3583499541347022
Forêt,12.644170651076086,363,0.0296229802513465,0.35578436900103483
Forêt,12.704095630465071,361,0.029459768238942387,0.3547546318696379
Forêt,12.764020609854057,358,0.029214950220336218,0.3531999187704485
Forêt,12.823945589243044,358,0.029214950220336218,0.3531999187704485
Forêt,12.88387056863203,357,0.02913334421413416,0.3526771264216441
Forêt,12.943795548021017,355,0.02897013220173005,0.3516282541574531
Forêt,13.003720527410003,355,0.02897013220173005,0.3516282541574531
Forêt,13.063645506798988,350,0.028562102170719764,0.3489789145414281
Forêt,13.123570486187974,349,0.02848049616451771,0.34844586651531306
Forêt,13.18349546557696,344,0.028072466133507425,0.3457695769262429
Forêt,13.243420444965947,341,0.027827648114901255,0.34415595869335486
Forêt,13.303345424354934,338,0.027582830096295086,0.3425370255041415
Forêt,13.36327040374392,334,0.027256406071486862,0.34036916779198745
Forêt,13.423195383132906,331,0.027011588052880692,0.3387371345836219
Forêt,13.483120362521891,328,0.026766770034274523,0.33709568529562217
Forêt,13.543045341910878,325,0.026521952015668353,0.3354476317393537
Forêt,13.602970321299864,323,0.02635874000326424,0.3343428738661342
Forêt,13.66289530068885,320,0.026113921984658072,0.33267899888965835
Forêt,13.722820280077837,319,0.026032315978456014,0.3321216891977349
Forêt,13.782745259466823,315,0.025705891953647787,0.32988458656398306
Forêt,13.84267023885581,313,0.025542679941243675,0.32876116603856265
Forêt,13.902595218244794,311,0.025379467928839564,0.3276318969883847
Forêt,13.962520197633781,310,0.025297861922637506,0.32706499426078056
Forêt,14.022445177022767,309,0.02521625591643545,0.32649454657086585
Forêt,14.082370156411754,309,0.02521625591643545,0.32649454657086585
Forêt,14.14229513580074,307,0.025053043904031336,0.3253462918946216
Forêt,14.202220115189727,304,0.024808225885425167,0.323618600427078
Forêt,14.262145094578713,299,0.024400195854414886,0.3207235898153133
Forêt,14.322070073967698,298,0.024318589848212828,0.32014317034816475
Forêt,14.381995053356684,297,0.02423698384201077,0.31955857256456915
Forêt,14.44192003274567,295,0.02407377182960666,0.31838371159454915
Forêt,14.501845012134657,293,0.023910559817202547,0.31720693443246156
Forêt,14.561769991523644,290,0.023665741798596377,0.3154314177613958
Forêt,14.62169497091263,288,0.023502529786192265,0.31424498910984494
Forêt,14.681619950301616,285,0.023257711767586096,0.3124575926852159
Forêt,14.741544929690601,284,0.023176105761384038,0.3118596511732981
Forêt,14.801469909079588,284,0.023176105761384038,0.3118596511732981
Forêt,14.861394888468574,284,0.023176105761384038,0.3118596511732981
Forêt,14.92131986785756,283,0.02309449975518198,0.3112540424422309
Forêt,14.981244847246547,281,0.02293128774277787,0.3100370783122594
Forêt,15.041169826635533,280,0.02284968173657581,0.3094274618737021
Forêt,15.10109480602452,277,0.02260486371796964,0.30758629842595697
Forêt,15.161019785413504,275,0.02244165170556553,0.30635479999506676
Forêt,15.220944764802491,275,0.02244165170556553,0.30635479999506676
Forêt,15.280869744191477,272,0.02219683368695936,0.30449319621926885
Forêt,15.340794723580464,271,0.022115227680757302,0.3038691137845787
Forêt,15.40071970296945,269,0.02195201566835319,0.30261844622643314
Forêt,15.460644682358437,268,0.021870409662151133,0.3019903372390075
Forêt,15.520569661747423,266,0.02170719764974702,0.30072838959217507
Forêt,15.580494641136408,265,0.021625591643544963,0.30009604781662746
Forêt,15.640419620525394,261,0.02129916761873674,0.2975544727024544
Forêt,15.70034459991438,261,0.02129916761873674,0.2975544727024544
Forêt,15.760269579303367,258,0.02105434960013057,0.2956342234438008
Forêt,15.820194558692354,256,0.02089113758772646,0.2943472905223026
Forêt,15.88011953808134,254,0.020727925575322343,0.29305748117483493
Forêt,15.940044517470326,254,0.020727925575322343,0.29305748117483493
Forêt,15.999969496859311,252,0.02056471356291823,0.2917592463745008
Forêt,16.0598944762483,251,0.020483107556716174,0.29110794416808944
Forêt,16.119819455637284,250,0.02040150155051412,0.29045346874292194
Forêt,16.17974443502627,249,0.02031989554431206,0.28979541432067646
Forêt,16.239669414415257,248,0.020238289538110004,0.2891363688197465
Forêt,16.29959439380424,248,0.020238289538110004,0.2891363688197465
Forêt,16.35951937319323,246,0.020075077525705892,0.2878082805192241
Forêt,16.419444352582214,243,0.019830259507099723,0.285809065958066
Forêt,16.479369331971203,242,0.019748653500897665,0.2851396251318519
Forêt,16.539294311360187,242,0.019748653500897665,0.2851396251318519
Forêt,16.599219290749172,241,0.01966704749469561,0.2844657208340007
Forêt,16.65914427013816,241,0.01966704749469561,0.2844657208340007
Forêt,16.719069249527145,239,0.019503835482291496,0.28310908976457366
Forêt,16.778994228916133,236,0.019259017463685326,0.281065361024381
Forêt,16.838919208305118,234,0.019095805451281214,0.27969652021085256
Forêt,16.898844187694106,233,0.019014199445079157,0.2790090997154519
Forêt,16.95876916708309,233,0.019014199445079157,0.2790090997154519
Forêt,17.018694146472075,233,0.019014199445079157,0.2790090997154519
Forêt,17.078619125861064,232,0.018932593438877102,0.2783153279637282
Forêt,17.13854410525005,232,0.018932593438877102,0.2783153279637282
Forêt,17.198469084639036,229,0.018687775420270933,0.2762214268517687
Forêt,17.25839406402802,229,0.018687775420270933,0.2762214268517687
Forêt,17.31831904341701,227,0.018524563407866818,0.2748164334365552
Forêt,17.378244022805994,226,0.018442957401664763,0.2741117585428035
Forêt,17.43816900219498,226,0.018442957401664763,0.2741117585428035
Forêt,17.498093981583967,224,0.018279745389260648,0.2726909068619704
Forêt,17.55801896097295,223,0.018198139383058594,0.2719789437305382
Forêt,17.61794394036194,220,0.017953321364452424,0.26983195398770365
Forêt,17.677868919750924,218,0.01779010935204831,0.2683964192245372
Forêt,17.737793899139913,216,0.017626897339644197,0.26695498206154034
Forêt,17.797718878528897,215,0.017545291333442143,0.26623113567498696
Forêt,17.857643857917882,214,0.017463685327240085,0.2655070510940103
Forêt,17.91756883730687,212,0.017300473314835974,0.2640518055287159
Forêt,17.977493816695855,210,0.017137261302431858,0.2625898912733918
Forêt,18.037418796084843,210,0.017137261302431858,0.2625898912733918
Forêt,18.097343775473828,209,0.017055655296229804,0.2618557697308888
Forêt,18.157268754862816,208,0.016974049290027746,0.2611171964475738
Forêt,18.2171937342518,207,0.01689244328382569,0.26037841022460245
Forêt,18.277118713640785,203,0.016566019259017465,0.25740950939316887
Forêt,18.337043693029774,203,0.016566019259017465,0.25740950939316887
Forêt,18.396968672418758,201,0.01640280724661335,0.25591420444679397
Forêt,18.456893651807746,200,0.016321201240411295,0.25516486643434244
Forêt,18.51681863119673,199,0.016239595234209238,0.2544133647836749
Forêt,18.57674361058572,199,0.016239595234209238,0.2544133647836749
Forêt,18.636668589974704,198,0.01615798922800718,0.2536563524521455
Forêt,18.69659356936369,197,0.016076383221805126,0.2528968080691479
Forêt,18.756518548752677,195,0.01591317120940101,0.2513728116558916
Forêt,18.81644352814166,195,0.01591317120940101,0.2513728116558916
Forêt,18.87636850753065,195,0.01591317120940101,0.2513728116558916
Forêt,18.936293486919634,194,0.015831565203198956,0.25060307765971046
Forêt,18.996218466308623,193,0.0157499591969969,0.24983215963308866
Forêt,19.056143445697607,190,0.01550514117839073,0.2475086783131544
Forêt,19.116068425086592,188,0.015341929165986616,0.245956183827702
Forêt,19.17599340447558,187,0.01526032315978456,0.2451770620860458
Forêt,19.235918383864565,186,0.015178717153582504,0.24439577469555815
Forêt,19.295843363253553,184,0.01501550514117839,0.24282892149141833
Forêt,19.355768342642538,184,0.01501550514117839,0.24282892149141833
Forêt,19.415693322031526,184,0.01501550514117839,0.24282892149141833
Forêt,19.47561830142051,182,0.014852293128774278,0.24124743335726553
Forêt,19.535543280809495,182,0.014852293128774278,0.24124743335726553
Forêt,19.595468260198484,180,0.014689081116370165,0.23965478446878727
Forêt,19.655393239587468,179,0.014607475110168109,0.23885675985992916
Forêt,19.715318218976456,179,0.014607475110168109,0.23885675985992916
Forêt,19.77524319836544,178,0.014525869103966051,0.23805346281568254
Forêt,19.83516817775443,177,0.014444263097763995,0.23724758944007696
Forêt,19.895093157143414,177,0.014444263097763995,0.23724758944007696
Forêt,19.9550181365324,173,0.01411783907295577,0.23400719219314683
Forêt,20.014943115921387,171,0.013954627060551656,0.23238090797514954
Forêt,20.07486809531037,168,0.013709809041945487,0.2299341776005519
Forêt,20.13479307469936,167,0.013628203035743431,0.2291156895742224
Forêt,20.194718054088344,167,0.013628203035743431,0.2291156895742224
Forêt,20.254643033477333,166,0.013546597029541375,0.2282938195659434
Forêt,20.314568012866317,165,0.013464991023339317,0.22746910132641682
Forêt,20.374492992255302,164,0.013383385017137261,0.22664204326539433
Forêt,20.43441797164429,163,0.013301779010935206,0.2258121100344071
Forêt,20.494342951033275,162,0.013220173004733148,0.22497954848563148
Forêt,20.554267930422263,161,0.013138566998531092,0.2241456608782752
Forêt,20.614192909811248,157,0.012812142973722867,0.2207955255503292
Forêt,20.674117889200236,157,0.012812142973722867,0.2207955255503292
Forêt,20.73404286858922,156,0.012730536967520809,0.21995379573976895
Forêt,20.793967847978205,156,0.012730536967520809,0.21995379573976895
Forêt,20.853892827367194,156,0.012730536967520809,0.21995379573976895
Forêt,20.913817806756178,156,0.012730536967520809,0.21995379573976895
Forêt,20.973742786145166,153,0.01248571894891464,0.21739808201555444
Forêt,21.03366776553415,153,0.01248571894891464,0.21739808201555444
Forêt,21.09359274492314,153,0.01248571894891464,0.21739808201555444
Forêt,21.153517724312124,152,0.012404112942712583,0.21653811705613582
Forêt,21.21344270370111,152,0.012404112942712583,0.21653811705613582
Forêt,21.273367683090097,151,0.012322506936510528,0.21567328587851928
Forêt,21.33329266247908,151,0.012322506936510528,0.21567328587851928
Forêt,21.39321764186807,151,0.012322506936510528,0.21567328587851928
Forêt,21.453142621257054,150,0.01224090093030847,0.21480149428901044
Forêt,21.513067600646043,150,0.01224090093030847,0.21480149428901044
Forêt,21.572992580035027,149,0.012159294924106414,0.21392407710344105
Forêt,21.632917559424012,148,0.012077688917904358,0.21304580271324275
Forêt,21.692842538813,148,0.012077688917904358,0.21304580271324275
Forêt,21.752767518201985,147,0.011996082911702302,0.2121614464826879
Forêt,21.812692497590973,145,0.011832870899298189,0.2103870165536029
Forêt,21.872617476979958,145,0.011832870899298189,0.2103870165536029
Forêt,21.932542456368946,143,0.011669658886894075,0.20860672662794053
Forêt,21.99246743575793,143,0.011669658886894075,0.20860672662794053
Forêt,22.052392415146915,141,0.011506446874489963,0.20681428304629942
Forêt,22.112317394535904,141,0.011506446874489963,0.20681428304629942
Forêt,22.172242373924888,138,0.011261628855883794,0.20411085877998003
Forêt,22.232167353313876,138,0.011261628855883794,0.20411085877998003
Forêt,22.29209233270286,138,0.011261628855883794,0.20411085877998003
Forêt,22.35201731209185,137,0.011180022849681736,0.20320156662098898
Forêt,22.411942291480834,136,0.01109841684347968,0.20229012994975248
Forêt,22.47186727086982,136,0.01109841684347968,0.20229012994975248
Forêt,22.531792250258807,136,0.01109841684347968,0.20229012994975248
Forêt,22.59171722964779,136,0.01109841684347968,0.20229012994975248
Forêt,22.65164220903678,134,0.010935204831075566,0.2004500265706271
Forêt,22.711567188425764,134,0.010935204831075566,0.2004500265706271
Forêt,22.771492167814753,134,0.010935204831075566,0.2004500265706271
Forêt,22.831417147203737,133,0.01085359882487351,0.19952308176519506
Forêt,22.891342126592722,133,0.01085359882487351,0.19952308176519506
Forêt,22.95126710598171,132,0.010771992818671455,0.19859074114344874
Forêt,23.011192085370695,132,0.010771992818671455,0.19859074114344874
Forêt,23.071117064759683,132,0.010771992818671455,0.19859074114344874
Forêt,23.131042044148668,132,0.010771992818671455,0.19859074114344874
Forêt,23.190967023537656,131,0.010690386812469397,0.19764921957223025
Forêt,23.25089200292664,130,0.010608780806267341,0.19670451272502912
Forêt,23.310816982315625,130,0.010608780806267341,0.19670451272502912
Forêt,23.370741961704613,130,0.010608780806267341,0.19670451272502912
Forêt,23.430666941093598,128,0.01044556879386323,0.1948005907030816
Forêt,23.490591920482586,127,0.010363962787661172,0.19384675759247158
Forêt,23.55051689987157,127,0.010363962787661172,0.19384675759247158
Forêt,23.61044187926056,127,0.010363962787661172,0.19384675759247158
Forêt,23.670366858649544,126,0.010282356781459116,0.1928861724151424
Forêt,23.73029183803853,126,0.010282356781459116,0.1928861724151424
Forêt,23.790216817427517,125,0.01020075077525706,0.19191836918309585
Forêt,23.8501417968165,125,0.01020075077525706,0.19191836918309585
Forêt,23.91006677620549,123,0.010037538762852946,0.1899760624899123
Lisière,0,10065,1,1
Lisière,0.016398697422085495,8457,0.8402384500745157,0.9984649936911436
Lisière,0.03279739484417099,7827,0.777645305514158,0.9962796969065716
Lisière,0.049196092266256486,7350,0.7302533532041728,0.993440085810274
Lisière,0.06559478968834198,6963,0.6918032786885245,0.9902317799725767
Lisière,0.08199348711042748,6628,0.6585196224540487,0.9866392267850791
Lisière,0.09839218453251297,6344,0.6303030303030303,0.9829290324829786
Lisière,0.11479088195459847,6094,0.6054644808743169,0.9790645124483145
Lisière,0.13118957937668396,5875,0.583705911574764,0.9751614233941222
Lisière,0.14758827679876946,5638,0.5601589667163438,0.9703811764460107
Lisière,0.16398697422085495,5443,0.5407848981619473,0.9659805220245394
Lisière,0.18038567164294045,5275,0.524093392945852,0.9617882322568534
Lisière,0.19678436906502594,5106,0.5073025335320417,0.9571737988814281
Lisière,0.21318306648711144,4943,0.49110779930452064,0.9523331128356317
Lisière,0.22958176390919693,4803,0.47719821162444115,0.9478425878784784
Lisière,0.24598046133128243,4652,0.46219572776949824,0.9426407413411289
Lisière,0.2623791587533679,4534,0.4504719324391456,0.9383029529114939
Lisière,0.2787778561754534,4412,0.43835072031793343,0.9335190052078424
Lisière,0.2951765535975389,4308,0.4280178837555887,0.9291874227279656
Lisière,0.3115752510196244,4211,0.4183805265772479,0.9249207649326909
Lisière,0.3279739484417099,4109,0.40824639841033283,0.9202121372002792
Lisière,0.3443726458637954,4010,0.39841033283656235,0.9153740127283702
Lisière,0.3607713432858809,3921,0.3895678092399404,0.9108140558623962
Lisière,0.3771700407079664,3822,0.3797317436661699,0.9055183836917822
Lisière,0.3935687381300519,3729,0.3704918032786885,0.9003238364943174
Lisière,0.4099674355521374,3658,0.3634376552409339,0.8961909915206189
Lisière,0.4263661329742229,3575,0.3551912568306011,0.8911597141091977
Lisière,0.4427648303963084,3486,0.34634873323397913,0.885541774292708
Lisière,0.45916352781839387,3416,0.3393939393939394,0.8809691732950614
Lisière,0.47556222524047936,3347,0.3325384997516145,0.8762854845399591
Lisière,0.49196092266256486,3263,0.32419274714356683,0.8703954676189977
Lisière,0.5083596200846503,3197,0.31763537009438647,0.8656161042348189
Lisière,0.5247583175067358,3144,0.31236959761549926,0.8616512798395589
Lisière,0.5411570149288214,3066,0.3046199701937407,0.8556196368347054
Lisière,0.5575557123509068,3003,0.2983606557377049,0.8506018540771373
Lisière,0.5739544097729923,2947,0.29279682066567314,0.8460160393570463
Lisière,0.5903531071950778,2888,0.2869349230004968,0.8410380865206222
Lisière,0.6067518046171634,2848,0.28296075509190266,0.8375712642710406
Lisière,0.6231505020392488,2805,0.2786885245901639,0.8337330737208061
Lisière,0.6395491994613343,2756,0.2738201689021361,0.8292461990095229
Lisière,0.6559478968834198,2711,0.2693492300049677,0.8250091373308929
Lisière,0.6723465943055054,2671,0.26537506209637357,0.8211513069144883
Lisière,0.6887452917275908,2629,0.2612021857923497,0.8170173425851985
Lisière,0.7051439891496762,2592,0.2575260804769002,0.8132794546140015
Lisière,0.7215426865717618,2551,0.25345255837059116,0.809044099026357
Lisière,0.7379413839938473,2507,0.2490809736711376,0.8043846368749865
Lisière,0.7543400814159328,2471,0.24550422255340287,0.8004833967544541
Lisière,0.7707387788380182,2424,0.24083457526080476,0.7952880454190921
Lisière,0.7871374762601038,2367,0.23517138599105814,0.7888540908549538
Lisière,0.8035361736821893,2323,0.23079980129160457,0.783782456668543
Lisière,0.8199348711042748,2288,0.2273224043715847,0.7796607463076042
Lisière,0.8363335685263602,2240,0.22255340288127173,0.7738976693197431
Lisière,0.8527322659484458,2200,0.2185792349726776,0.7689964899739725
Lisière,0.8691309633705313,2165,0.21510183805265773,0.7646277111110378
Lisière,0.8855296607926167,2127,0.2113263785394933,0.7597925242205859
Lisière,0.9019283582147022,2086,0.2072528564331843,0.7544830513299555
Lisière,0.9183270556367877,2066,0.20526577247888722,0.7518453429924105
Lisière,0.9347257530588733,2026,0.2012916045702931,0.7464736409349109
Lisière,0.9511244504809587,1990,0.19771485345255838,0.7415562640307036
Lisière,0.9675231479030442,1959,0.1946348733233979,0.7372468186088106
Lisière,0.9839218453251297,1922,0.19095876800794834,0.7320191924210895
Lisière,1.0003205427472153,1890,0.18777943368107303,0.7274207741916587
Lisière,1.0167192401693006,1868,0.18559364133134626,0.7242084877665539
Lisière,1.0331179375913861,1839,0.1827123695976155,0.7199054530847462
Lisière,1.0495166350134717,1813,0.1801291604570293,0.7159857039741742
Lisière,1.0659153324355573,1781,0.176949826130154,0.7110853459634137
Lisière,1.0823140298576428,1739,0.17277694982613015,0.7045451370725242
Lisière,1.0987127272797281,1715,0.17039244908097367,0.7007517098971741
Lisière,1.1151114247018137,1690,0.16790859413810233,0.6967465987927066
Lisière,1.1315101221238992,1678,0.1667163437655241,0.6947904045596243
Lisière,1.1479088195459846,1643,0.16323894684550422,0.6890007538161554
Lisière,1.1643075169680701,1623,0.16125186289120716,0.6856497751261149
Lisière,1.1807062143901557,1596,0.1585692995529061,0.6810698252520487
Lisière,1.1971049118122412,1565,0.15548931942374566,0.6757267709215338
Lisière,1.2135036092343268,1549,0.153899652260308,0.6729294890030941
Lisière,1.229902306656412,1532,0.15221063089915549,0.6699192017139839
Lisière,1.2463010040784976,1515,0.15052160953800298,0.6668636920636867
Lisière,1.2626997015005832,1503,0.14932935916542475,0.6646820404551654
Lisière,1.2790983989226685,1479,0.14694485842026825,0.6602613386791207
Lisière,1.295497096344754,1462,0.14525583705911574,0.6570918704905343
Lisière,1.3118957937668396,1443,0.14336810730253352,0.6535022745372476
Lisière,1.3282944911889252,1418,0.1408842523596622,0.6487164967232737
Lisière,1.3446931886110107,1406,0.13969200198708395,0.6463952641662968
Lisière,1.361091886033096,1389,0.13800298062593144,0.6430566085435433
Lisière,1.3774905834551816,1372,0.13631395926477893,0.6396785328018854
Lisière,1.3938892808772672,1358,0.134923000496771,0.6368685968347718
Lisière,1.4102879782993525,1343,0.1334326875310482,0.6338203275613694
Lisière,1.426686675721438,1317,0.130849478390462,0.6284740672839942
Lisière,1.4430853731435236,1306,0.1297565822155986,0.626186076705911
Lisière,1.4594840705656091,1289,0.1280675608544461,0.6226070607776434
Lisière,1.4758827679876947,1271,0.12627918529557874,0.6187727910502182
Lisière,1.49228146540978,1253,0.12449080973671138,0.6149008318138118
Lisière,1.5086801628318656,1231,0.1223050173869846,0.6101167331350927
Lisière,1.5250788602539511,1215,0.12071535022354694,0.6065938365229773
Lisière,1.5414775576760364,1197,0.11892697466467958,0.6025915969548195
Lisière,1.557876255098122,1182,0.11743666169895678,0.599224288229219
Lisière,1.5742749525202075,1176,0.11684053651266767,0.597864787829731
Lisière,1.590673649942293,1159,0.11515151515151516,0.5939598458148935
Lisière,1.6070723473643787,1143,0.1135618479880775,0.5902536309768917
Lisière,1.623471044786464,1133,0.11256830601092896,0.5879143052364124
Lisière,1.6398697422085495,1110,0.11028315946348734,0.5824773782540225
Lisière,1.656268439630635,1095,0.10879284649776454,0.578892886625814
Lisière,1.6726671370527204,1082,0.10750124192747143,0.5757584255582426
Lisière,1.689065834474806,1067,0.10601092896174863,0.5721019584444372
Lisière,1.7054645318968915,1058,0.10511674118231495,0.5698899644093448
Lisière,1.721863229318977,1038,0.10312965722801788,0.5649227906350685
Lisière,1.7382619267410626,1030,0.10233482364629906,0.5629159355491583
Lisière,1.754660624163148,1019,0.10124192747143566,0.5601280227778923
Lisière,1.7710593215852335,1006,0.09995032290114257,0.5568037355890502
Lisière,1.787458019007319,998,0.09915548931942375,0.5547429153232766
Lisière,1.8038567164294044,990,0.09836065573770492,0.5526604527622198
Lisière,1.82025541385149,980,0.09736711376055639,0.5500342083356909
Lisière,1.8366541112735755,970,0.09637357178340784,0.5473851121404459
Lisière,1.853052808695661,956,0.0949826130153999,0.5436437959256155
Lisière,1.8694515061177466,950,0.09438648782911079,0.5420213259646619
Lisière,1.885850203539832,939,0.09329359165424739,0.5390283913456889
Lisière,1.9022489009619175,931,0.09249875807252857,0.5368328361851731
Lisière,1.918647598384003,920,0.09140586189766518,0.5337846895570154
Lisière,1.9350462958060883,911,0.0905116741182315,0.5312732377434458
Lisière,1.9514449932281739,902,0.08961748633879782,0.5287389568720765
Lisière,1.9678436906502594,894,0.08882265275707898,0.5264651877992724
Lisière,1.984242388072345,886,0.08802781917536016,0.5241734973294508
Lisière,2.0006410854944305,880,0.08743169398907104,0.5224398370121093
Lisière,2.017039782916516,870,0.08643815201192251,0.5195294177527405
Lisière,2.033438480338601,858,0.08524590163934426,0.5160070799460321
Lisière,2.0498371777606867,853,0.08474913065077,0.5145274577811807
Lisière,2.0662358751827723,842,0.0836562344759066,0.5112455283593043
Lisière,2.082634572604858,834,0.08286140089418778,0.5088360343550012
Lisière,2.0990332700269434,827,0.0821659215101838,0.5067136441763137
Lisière,2.115431967449029,815,0.08097367113760556,0.5030525174564798
Lisière,2.1318306648711145,803,0.07978142076502732,0.4993564979300208
Lisière,2.1482293622932,785,0.07799304520615996,0.49377235764889704
Lisière,2.1646280597152856,777,0.07719821162444113,0.49126891430176145
Lisière,2.1810267571373707,767,0.0762046696472926,0.4881218450867007
Lisière,2.1974254545594563,759,0.07540983606557378,0.4855834083949204
Lisière,2.213824151981542,750,0.07451564828614009,0.4827096222356469
Lisière,2.2302228494036274,741,0.07362146050670641,0.4798146625400411
Lisière,2.246621546825713,734,0.07292598112270243,0.47754329113040817
Lisière,2.2630202442477985,730,0.07252856433184302,0.4762372007014724
Lisière,2.279418941669884,725,0.07203179334326876,0.4745914600363186
Lisière,2.295817639091969,718,0.07133631395926478,0.47226928617671327
Lisière,2.3122163365140547,709,0.0704421261798311,0.46926100336151166
Lisière,2.3286150339361402,703,0.06984600099354198,0.46724205935171226
Lisière,2.3450137313582258,695,0.06905116741182316,0.46453235637161866
Lisière,2.3614124287803113,691,0.06865375062096374,0.4631688544232197
Lisière,2.377811126202397,679,0.0674615002483855,0.4590434674558693
Lisière,2.3942098236244824,672,0.06676602086438152,0.4566236978155761
Lisière,2.410608521046568,666,0.0661698956780924,0.45453278066715885
Lisière,2.4270072184686535,659,0.06547441629408843,0.4520781301896203
Lisière,2.4434059158907386,651,0.0646795827123696,0.4492538770977104
Lisière,2.459804613312824,645,0.06408345752608048,0.4471189892143903
Lisière,2.4762033107349097,636,0.06318926974664679,0.4439012553575871
Lisière,2.4926020081569953,628,0.06239443616492797,0.4410228478600102
Lisière,2.509000705579081,621,0.06169895678092399,0.4384867407627082
Lisière,2.5253994030011664,614,0.06100347739692002,0.43593124796633953
Lisière,2.541798100423252,607,0.060307998012916045,0.4333599813433818
Lisière,2.558196797845337,603,0.059910581222056634,0.4318816115419129
Lisière,2.5745954952674226,598,0.05941381023348236,0.4300227853249828
Lisière,2.590994192689508,592,0.058817685047193244,0.4277765356847966
Lisière,2.6073928901115937,587,0.05832091405861898,0.4258917890283813
Lisière,2.6237915875336792,582,0.05782414307004471,0.4239964726978275
Lisière,2.640190284955765,572,0.05683060109289618,0.4201833216663012
Lisière,2.6565889823778503,567,0.05633383010432191,0.4182593039747928
Lisière,2.672987679799936,560,0.05563835072031793,0.41555463309310803
Lisière,2.6893863772220215,557,0.05534028812717337,0.4143913772618249
Lisière,2.7057850746441066,551,0.05474416294088425,0.4120453588084671
Lisière,2.722183772066192,549,0.05454545454545454,0.41125685811220497
Lisière,2.7385824694882777,545,0.05414803775459513,0.40967273401089405
Lisière,2.754981166910363,543,0.053949329359165424,0.408875184267706
Lisière,2.7713798643324488,541,0.053750620963735715,0.40807400100103075
Lisière,2.7877785617545343,534,0.05305514157973174,0.4052538865467089
Lisière,2.80417725917662,532,0.05285643318430204,0.4044437282429208
Lisière,2.820575956598705,527,0.05235966219572777,0.4024048601391156
Lisière,2.8369746540207905,522,0.051862891207153504,0.40035390536168886
Lisière,2.853373351442876,516,0.051266766020864385,0.39788170245506654
Lisière,2.8697720488649616,514,0.051068057625434676,0.39705241896780485
Lisière,2.886170746287047,509,0.050571286636860405,0.3949671808003323
Lisière,2.9025694437091327,498,0.04947839046199702,0.39035139615299197
Lisière,2.9189681411312183,494,0.049080973671137604,0.3886644414698297
Lisière,2.935366838553304,489,0.04858420268256334,0.38654365298286847
Lisière,2.9517655359753894,487,0.04838549428713363,0.3856887687688406
Lisière,2.9681642333974745,483,0.04798807749627422,0.38397050997664633
Lisière,2.98456293081956,479,0.0475906607054148,0.3822457980335271
Lisière,3.0009616282416456,472,0.04689518132141083,0.37920854941203347
Lisière,3.017360325663731,470,0.04669647292598112,0.37833680974689865
Lisière,3.0337590230858167,462,0.04590163934426229,0.37482828582110317
Lisière,3.0501577205079022,461,0.04580228514654744,0.374386942022824
Lisière,3.066556417929988,456,0.045305514157973174,0.37217135247275646
Lisière,3.082955115352073,453,0.04500745156482861,0.3708342219090789
Lisière,3.0993538127741584,448,0.04451068057625435,0.368593561452204
Lisière,3.115752510196244,445,0.044212617983109784,0.3672441875615518
Lisière,3.1321512076183295,441,0.04381520119225037,0.36543359559975425
Lisière,3.148549905040415,439,0.043616492796820665,0.36452206542723686
Lisière,3.1649486024625006,437,0.043417784401390956,0.3636058837124483
Lisière,3.181347299884586,431,0.04282165921510184,0.36084880323587687
Lisière,3.1977459973066718,427,0.04242424242424243,0.35899770725599095
Lisière,3.2141446947287573,425,0.04222553402881272,0.35806646048944035
Lisière,3.2305433921508424,420,0.041728763040238454,0.35572972476735815
Lisière,3.246942089572928,417,0.04143070044709389,0.35432206529153154
Lisière,3.2633407869950135,415,0.04123199205166418,0.35337852961762084
Lisière,3.279739484417099,412,0.040933929458519626,0.3519544881680433
Lisière,3.2961381818391846,407,0.040437158469945354,0.3495706138916529
Lisière,3.31253687926127,402,0.03994038748137109,0.34717285956370925
Lisière,3.3289355766833557,399,0.03964232488822653,0.34572709691334064
Lisière,3.345334274105441,397,0.03944361649279682,0.34475888551195105
Lisière,3.3617329715275264,396,0.03934426229508197,0.34427315030629535
Lisière,3.378131668949612,392,0.03894684550422255,0.3423187889275929
Lisière,3.3945303663716975,391,0.0388474913065077,0.34182805970644364
Lisière,3.410929063793783,388,0.03854942871336314,0.3403499385594594
Lisière,3.4273277612158686,383,0.03805265772478887,0.3378741067195417
Lisière,3.443726458637954,381,0.03785394932935916,0.33687650615035514
Lisière,3.4601251560600397,379,0.03765524093392946,0.33587468436374884
Lisière,3.4765238534821252,375,0.037257824143070044,0.3338619038549392
Lisière,3.4929225509042103,374,0.03715846994535519,0.33335570435451917
Lisière,3.509321248326296,371,0.036860407352210633,0.33183301981206553
Lisière,3.5257199457483814,369,0.036661698956780925,0.3308123820505562
Lisière,3.542118643170467,364,0.03616492796820666,0.32824973289427906
Lisière,3.5585173405925525,363,0.036065573770491806,0.3277362797420077
Lisière,3.574916038014638,361,0.0358668653750621,0.3267028061040612
Lisière,3.5913147354367236,358,0.035568802781917534,0.3251443346944689
Lisière,3.6077134328588087,356,0.03537009438648783,0.3241006902094374
Lisière,3.6241121302808943,353,0.03507203179334327,0.3225283155247724
Lisière,3.64051082770298,349,0.03467461500248385,0.3204234644564762
Lisière,3.6569095251250654,347,0.03447590660705415,0.3193648191093872
Lisière,3.673308222547151,343,0.03407848981619473,0.31724145904701945
Lisière,3.6897069199692365,338,0.03358171882762047,0.31457579813553804
Lisière,3.706105617391322,337,0.033482364629905614,0.31403955434491504
Lisière,3.7225043148134076,337,0.033482364629905614,0.31403955434491504
Lisière,3.738903012235493,334,0.03318430203676105,0.3124166012161205
Lisière,3.7553017096575783,327,0.03248882265275708,0.30861327610267086
Lisière,3.771700407079664,321,0.03189269746646796,0.30533833897545504
Lisière,3.7880991045017494,319,0.03169398907103825,0.3042432232702259
Lisière,3.804497801923835,318,0.031594634873323396,0.3036924110968587
Lisière,3.8208964993459205,313,0.03109786388474913,0.300927935667266
Lisière,3.837295196768006,312,0.030998509687034277,0.30037217838831465
Lisière,3.8536938941900916,310,0.030799801291604572,0.29925822416365444
Lisière,3.8700925916121767,309,0.030700447093889718,0.2986983338451614
Lisière,3.886491289034262,308,0.030601092896174863,0.29813614139080247
Lisière,3.9028899864563478,307,0.03050173869846001,0.2975724447221519
Lisière,3.9192886838784333,304,0.03020367610531545,0.29587229037024526
Lisière,3.935687381300519,302,0.030004967709885744,0.29473445258437303
Lisière,3.9520860787226044,300,0.029806259314456036,0.2935904934070416
Lisière,3.96848477614469,299,0.02970690511674118,0.2930173808128839
Lisière,3.9848834735667755,296,0.029408842523596622,0.29128746744874845
Lisière,4.001282170988861,291,0.028912071535022354,0.2883925822075128
Lisière,4.017680868410946,291,0.028912071535022354,0.2883925822075128
Lisière,4.034079565833032,291,0.028912071535022354,0.2883925822075128
Lisière,4.050478263255117,287,0.02851465474416294,0.2860508062112194
Lisière,4.066876960677202,286,0.02841530054644809,0.2854618811241935
Lisière,4.083275658099288,285,0.028315946348733235,0.28487130841837083
Lisière,4.0996743555213735,284,0.02821659215101838,0.2842789355982751
Lisière,4.1160730529434595,284,0.02821659215101838,0.2842789355982751
Lisière,4.132471750365545,282,0.028017883755588675,0.28308121724712587
Lisière,4.148870447787631,280,0.027819175360158967,0.28188194387342463
Lisière,4.165269145209716,279,0.027719821162444112,0.28127833895984006
Lisière,4.181667842631802,276,0.027421758569299553,0.2794625938757349
Lisière,4.198066540053887,275,0.0273224043715847,0.2788559543268231
Lisière,4.214465237475972,272,0.02702434177844014,0.27702572466901904
Lisière,4.230863934898058,267,0.02652757078986587,0.2739643116509391
Lisière,4.247262632320143,262,0.026030799801291606,0.2708927424356654
Lisière,4.263661329742229,260,0.025832091405861898,0.26965834600747163
Lisière,4.280060027164314,257,0.025534028812717338,0.26780021901760576
Lisière,4.2964587245864,255,0.02533532041728763,0.26655893108806067
Lisière,4.312857422008485,255,0.02533532041728763,0.26655893108806067
Lisière,4.329256119430571,252,0.02503725782414307,0.2646799565387555
Lisière,4.345654816852656,251,0.024937903626428216,0.26405047269023535
Lisière,4.362053514274741,248,0.024639841033283656,0.2621574328464486
Lisière,4.378452211696827,247,0.024540486835568802,0.26152441582985997
Lisière,4.3948509091189125,245,0.024341778440139097,0.2602521890400006
Lisière,4.4112496065409985,245,0.024341778440139097,0.2602521890400006
Lisière,4.427648303963084,242,0.024043715846994537,0.2583310142769225
Lisière,4.44404700138517,240,0.02384500745156483,0.2570443891023597
Lisière,4.460445698807255,237,0.02354694485842027,0.25510930307246316
Lisière,4.47684439622934,235,0.02334823646299056,0.25381434553736404
Lisière,4.493243093651426,234,0.02324888226527571,0.2531645483695272
Lisière,4.509641791073511,234,0.02324888226527571,0.2531645483695272
Lisière,4.526040488495597,230,0.022851465474416296,0.2505460535811391
Lisière,4.542439185917682,229,0.02275211127670144,0.24988832087836338
Lisière,4.558837883339768,229,0.02275211127670144,0.24988832087836338
Lisière,4.575236580761853,228,0.022652757078986587,0.24922603373762567
Lisière,4.591635278183938,228,0.022652757078986587,0.24922603373762567
Lisière,4.608033975606024,226,0.022454048683556882,0.24789377221191664
Lisière,4.624432673028109,225,0.022354694485842028,0.24722514168181858
Lisière,4.640831370450195,223,0.02215598609041232,0.24588162311220704
Lisière,4.6572300678722804,223,0.02215598609041232,0.24588162311220704
Lisière,4.673628765294366,222,0.022056631892697468,0.24520425621594086
Lisière,4.6900274627164515,221,0.021957277694982614,0.24452570368564905
Lisière,4.7064261601385375,218,0.021659215101838054,0.2424836901281475
Lisière,4.722824857560623,216,0.021460506706408346,0.24111681778843974
Lisière,4.739223554982708,215,0.02136115250869349,0.24043025533309054
Lisière,4.755622252404794,215,0.02136115250869349,0.24043025533309054
Lisière,4.772020949826879,212,0.021063089915548932,0.238356876421082
Lisière,4.788419647248965,212,0.021063089915548932,0.238356876421082
Lisière,4.80481834467105,212,0.021063089915548932,0.238356876421082
Lisière,4.821217042093136,211,0.020963735717834078,0.2376592533475801
Lisière,4.837615739515221,210,0.020864381520119227,0.23695909148100003
Lisière,4.854014436937307,208,0.020665673124689518,0.23555529069921513
Lisière,4.870413134359392,205,0.02036761053154496,0.2334413232656417
Lisière,4.886811831781477,203,0.02016890213611525,0.23202597947954803
Lisière,4.903210529203563,199,0.019771485345255836,0.22918812489072982
Lisière,4.919609226625648,195,0.019374068554396422,0.22633771460790322
Lisière,4.936007924047734,194,0.01927471435668157,0.2256228618108243
Lisière,4.9524066214698195,193,0.019175360158966717,0.22490625937762349
Lisière,4.9688053188919055,192,0.019076005961251863,0.22418817363420018
Lisière,4.985204016313991,189,0.018777943368107303,0.222022976889374
Lisière,5.001602713736076,188,0.01867858917039245,0.22129981339998667
Lisière,5.018001411158162,188,0.01867858917039245,0.22129981339998667
Lisière,5.034400108580247,186,0.018479880774962744,0.21984380558374064
Lisière,5.050798806002333,183,0.01818181818181818,0.21765178744434072
Lisière,5.067197503424418,183,0.01818181818181818,0.21765178744434072
Lisière,5.083596200846504,181,0.017983109786388476,0.21617978148166317
Lisière,5.099994898268589,180,0.01788375558867362,0.2154427477289807
Lisière,5.116393595690674,179,0.017784401390958767,0.21470177069832097
Lisière,5.13279229311276,177,0.017585692995529062,0.2132159188791154
Lisière,5.149190990534845,176,0.017486338797814208,0.21247106501560897
Lisière,5.165589687956931,174,0.017287630402384502,0.21097588099335282
Lisière,5.181988385379016,173,0.017188276204669648,0.2102250833325788
Lisière,5.198387082801102,171,0.01698956780923994,0.20871881820934943
Lisière,5.214785780223187,171,0.01698956780923994,0.20871881820934943
Lisière,5.231184477645273,170,0.01689021361152509,0.2079616155460942
Lisière,5.2475831750673585,169,0.016790859413810234,0.20720204923025803
Lisière,5.263981872489444,168,0.01669150521609538,0.20643915148321207
Lisière,5.28038056991153,167,0.016592151018380526,0.20567481701724513
Lisière,5.296779267333615,167,0.016592151018380526,0.20567481701724513
Lisière,5.313177964755701,167,0.016592151018380526,0.20567481701724513
Lisière,5.329576662177786,165,0.01639344262295082,0.20413331635167736
Lisière,5.345975359599872,163,0.016194734227521112,0.20258545515882906
Lisière,5.362374057021957,162,0.01609538002980626,0.20180980059079973
Lisière,5.378772754444043,161,0.015996025832091407,0.20103129481706866
Lisière,5.395171451866128,161,0.015996025832091407,0.20103129481706866
Lisière,5.411570149288213,160,0.015896671634376552,0.20024750501931488
Lisière,5.427968846710299,158,0.015697963238946847,0.19867703783593532
Lisière,5.444367544132384,157,0.015598609041231993,0.19788868062350823
Lisière,5.46076624155447,155,0.015399900645802286,0.19630607789140317
Lisière,5.477164938976555,154,0.015300546448087432,0.19551337945111325
Lisière,5.493563636398641,152,0.015101838052657725,0.19392155285998913
Lisière,5.509962333820726,151,0.015002483854942872,0.1931248492954152
Lisière,5.5263610312428115,148,0.014704421261798311,0.19072445172757405
Lisière,5.5427597286648975,146,0.014505712866368604,0.18911824833245736
Lisière,5.559158426086983,144,0.014307004470938897,0.18750886783549514
Lisière,5.575557123509069,144,0.014307004470938897,0.18750886783549514
Lisière,5.591955820931154,142,0.01410829607550919,0.18588977435840384
Lisière,5.60835451835324,141,0.014008941877794338,0.18507733779661467
Lisière,5.624753215775325,141,0.014008941877794338,0.18507733779661467
Lisière,5.64115191319741,140,0.013909587680079483,0.18425987155739856
Lisière,5.657550610619496,140,0.013909587680079483,0.18425987155739856
Lisière,5.673949308041581,139,0.01381023348236463,0.1834376590181217
Lisière,5.690348005463667,137,0.013611525086934924,0.1817903853731616
Lisière,5.706746702885752,136,0.01351217088922007,0.18096471755832075
Lisière,5.723145400307838,136,0.01351217088922007,0.18096471755832075
Lisière,5.739544097729923,135,0.013412816691505217,0.18013359161775497
Lisière,5.755942795152009,134,0.013313462493790363,0.17930135025275565
Lisière,5.772341492574094,133,0.01321410829607551,0.17846601711553622
Lisière,5.7887401899961795,133,0.01321410829607551,0.17846601711553622
Lisière,5.8051388874182654,131,0.013015399900645803,0.17678590574343497
Lisière,5.8215375848403506,130,0.012916045702930949,0.17594294452962017
Lisière,5.8379362822624365,130,0.012916045702930949,0.17594294452962017
Lisière,5.854334979684522,129,0.012816691505216096,0.17509649903580432
Lisière,5.870733677106608,129,0.012816691505216096,0.17509649903580432
Lisière,5.887132374528693,129,0.012816691505216096,0.17509649903580432
Lisière,5.903531071950779,128,0.012717337307501242,0.17424182365921434
Lisière,5.919929769372864,128,0.012717337307501242,0.17424182365921434
Lisière,5.936328466794949,127,0.01261798310978639,0.1733822465506349
Lisière,5.952727164217035,126,0.012518628912071535,0.17252146325077355
Lisière,5.96912586163912,126,0.012518628912071535,0.17252146325077355
Lisière,5.985524559061206,124,0.012319920516641828,0.1707865836275279
Lisière,6.001923256483291,121,0.012021857923497269,0.16818177144702276
Lisière,6.018321953905377,121,0.012021857923497269,0.16818177144702276
Lisière,6.034720651327462,121,0.012021857923497269,0.16818177144702276
Lisière,6.051119348749547,120,0.011922503725782414,0.16730646606091928
Lisière,6.067518046171633,120,0.011922503725782414,0.16730646606091928
Lisière,6.0839167435937185,120,0.011922503725782414,0.16730646606091928
Lisière,6.1003154410158045,119,0.011823149528067562,0.16642422120555836
Lisière,6.11671413843789,118,0.011723795330352707,0.1655385071477494
Lisière,6.133112835859976,114,0.011326378539493294,0.16198546102297443
Lisière,6.149511533282061,112,0.011127670144063587,0.16020490390262965
Lisière,6.165910230704146,112,0.011127670144063587,0.16020490390262965
Lisière,6.182308928126232,111,0.011028315946348734,0.15930954978547887
Lisière,6.198707625548317,111,0.011028315946348734,0.15930954978547887
Lisière,6.215106322970403,110,0.01092896174863388,0.1584108101502467
Lisière,6.231505020392488,109,0.010829607550919027,0.15750869786544736
Lisière,6.247903717814574,109,0.010829607550919027,0.15750869786544736
Lisière,6.264302415236659,109,0.010829607550919027,0.15750869786544736
Lisière,6.280701112658745,109,0.010829607550919027,0.15750869786544736
Lisière,6.29709981008083,109,0.010829607550919027,0.15750869786544736
Lisière,6.313498507502915,109,0.010829607550919027,0.15750869786544736
Lisière,6.329897204925001,109,0.010829607550919027,0.15750869786544736
Lisière,6.346295902347086,109,0.010829607550919027,0.15750869786544736
Lisière,6.362694599769172,108,0.010730253353204173,0.15658838718689844
Lisière,6.3790932971912575,108,0.010730253353204173,0.15658838718689844
Lisière,6.3954919946133435,108,0.010730253353204173,0.15658838718689844
Lisière,6.411890692035429,107,0.01063089915548932,0.15566119802737566
Lisière,6.428289389457515,107,0.01063089915548932,0.15566119802737566
Lisière,6.4446880868796,106,0.010531544957774466,0.1547293972240909
Lisière,6.461086784301685,106,0.010531544957774466,0.1547293972240909
Lisière,6.477485481723771,106,0.010531544957774466,0.1547293972240909
Lisière,6.493884179145856,106,0.010531544957774466,0.1547293972240909
Lisière,6.510282876567942,106,0.010531544957774466,0.1547293972240909
Lisière,6.526681573990027,103,0.010233482364629906,0.15189352578973944
Lisière,6.543080271412113,101,0.0100347739692002,0.14999739136288787
